{"cameraMode":{"drawMode":0,"name":"Shaded","section":"Shading Mode"},"sceneLighting":false,"audioPlay":false,"sceneViewState":{"m_AlwaysRefresh":false,"showFog":true,"showSkybox":false,"showFlares":true,"showImageEffects":true,"showParticleSystems":true,"showVisualEffectGraphs":true,"m_FxEnabled":true},"in2DMode":false,"pivot":{"x":0.5430982708930969,"y":0.17153751850128175,"z":3.368614673614502},"rotation":{"x":-0.30148395895957949,"y":0.6551043391227722,"z":-0.6179765462875366,"w":-0.31538379192352297},"size":8.174115180969239,"orthographic":true}