{"cameraMode":{"drawMode":0,"name":"Shaded","section":"Shading Mode"},"sceneLighting":false,"audioPlay":false,"sceneViewState":{"m_AlwaysRefresh":false,"showFog":true,"showSkybox":false,"showFlares":true,"showImageEffects":true,"showParticleSystems":true,"showVisualEffectGraphs":true,"m_FxEnabled":true},"in2DMode":false,"pivot":{"x":1.2909142971038819,"y":0.36385688185691836,"z":0.0508655346930027},"rotation":{"x":0.09827517718076706,"y":0.8185411691665649,"z":-0.15159085392951966,"w":0.5467071533203125},"size":0.17448626458644868,"orthographic":true}