{"cameraMode":{"drawMode":0,"name":"Shaded","section":"Shading Mode"},"sceneLighting":true,"audioPlay":false,"sceneViewState":{"m_AlwaysRefresh":false,"showFog":true,"showSkybox":true,"showFlares":true,"showImageEffects":true,"showParticleSystems":true,"showVisualEffectGraphs":true,"m_FxEnabled":true},"in2DMode":false,"pivot":{"x":49.652313232421878,"y":15.051555633544922,"z":21.003280639648439},"rotation":{"x":-0.1435040980577469,"y":-0.8311905860900879,"z":0.47489070892333987,"w":-0.25170835852622988},"size":2.1917736530303957,"orthographic":true}