{"cameraMode":{"drawMode":0,"name":"Shaded","section":"Shading Mode"},"sceneLighting":false,"audioPlay":false,"sceneViewState":{"m_AlwaysRefresh":false,"showFog":true,"showSkybox":false,"showFlares":true,"showImageEffects":true,"showParticleSystems":true,"showVisualEffectGraphs":true,"m_FxEnabled":true},"in2DMode":false,"pivot":{"x":1.2394895553588868,"y":-0.5175046920776367,"z":-3.133840560913086},"rotation":{"x":0.0988893136382103,"y":0.0071687400341033939,"z":-0.0032327573280781509,"w":0.995783805847168},"size":7.496349811553955,"orthographic":true}